-- regions
INSERT INTO regions(region_id, region_name) VALUES (1, 'West');
INSERT INTO regions(region_id, region_name) VALUES (2, 'Midwest');
INSERT INTO regions(region_id, region_name) VALUES (3, 'South');
INSERT INTO regions(region_id, region_name) VALUES (4, 'Northeast');

-- customers
INSERT INTO customers(customer_id, first_name, last_name, email, join_date, region_id) VALUES (1, 'Jordan', 'Lee', 'jordan.lee1@example.com', DATE '2023-10-09', 2);
INSERT INTO customers(customer_id, first_name, last_name, email, join_date, region_id) VALUES (2, 'Quinn', 'Nguyen', 'quinn.nguyen2@example.com', DATE '2023-04-15', 1);
INSERT INTO customers(customer_id, first_name, last_name, email, join_date, region_id) VALUES (3, 'Reese', 'Martinez', 'reese.martinez3@example.com', DATE '2023-02-02', 1);
INSERT INTO customers(customer_id, first_name, last_name, email, join_date, region_id) VALUES (4, 'Taylor', 'Khan', 'taylor.khan4@example.com', DATE '2023-08-27', 1);
INSERT INTO customers(customer_id, first_name, last_name, email, join_date, region_id) VALUES (5, 'Emerson', 'Khan', 'emerson.khan5@example.com', DATE '2024-10-27', 4);
INSERT INTO customers(customer_id, first_name, last_name, email, join_date, region_id) VALUES (6, 'Quinn', 'Anderson', 'quinn.anderson6@example.com', DATE '2024-08-26', 3);
INSERT INTO customers(customer_id, first_name, last_name, email, join_date, region_id) VALUES (7, 'Alex', 'Garcia', 'alex.garcia7@example.com', DATE '2024-12-15', 4);
INSERT INTO customers(customer_id, first_name, last_name, email, join_date, region_id) VALUES (8, 'Parker', 'Singh', 'parker.singh8@example.com', DATE '2023-06-09', 2);
INSERT INTO customers(customer_id, first_name, last_name, email, join_date, region_id) VALUES (9, 'Parker', 'Kim', 'parker.kim9@example.com', DATE '2023-04-05', 4);
INSERT INTO customers(customer_id, first_name, last_name, email, join_date, region_id) VALUES (10, 'Jordan', 'Lopez', 'jordan.lopez10@example.com', DATE '2023-12-19', 3);
INSERT INTO customers(customer_id, first_name, last_name, email, join_date, region_id) VALUES (11, 'Sam', 'Anderson', 'sam.anderson11@example.com', DATE '2024-07-03', 1);
INSERT INTO customers(customer_id, first_name, last_name, email, join_date, region_id) VALUES (12, 'River', 'Patel', 'river.patel12@example.com', DATE '2024-07-19', 3);
INSERT INTO customers(customer_id, first_name, last_name, email, join_date, region_id) VALUES (13, 'Sage', 'Lopez', 'sage.lopez13@example.com', DATE '2024-08-14', 2);
INSERT INTO customers(customer_id, first_name, last_name, email, join_date, region_id) VALUES (14, 'Taylor', 'Diaz', 'taylor.diaz14@example.com', DATE '2024-11-08', 2);
INSERT INTO customers(customer_id, first_name, last_name, email, join_date, region_id) VALUES (15, 'Morgan', 'Patel', 'morgan.patel15@example.com', DATE '2023-08-27', 1);
INSERT INTO customers(customer_id, first_name, last_name, email, join_date, region_id) VALUES (16, 'River', 'Singh', 'river.singh16@example.com', DATE '2024-04-09', 3);
INSERT INTO customers(customer_id, first_name, last_name, email, join_date, region_id) VALUES (17, 'Casey', 'Lopez', 'casey.lopez17@example.com', DATE '2023-12-30', 2);
INSERT INTO customers(customer_id, first_name, last_name, email, join_date, region_id) VALUES (18, 'Jamie', 'Patel', 'jamie.patel18@example.com', DATE '2024-09-15', 2);
INSERT INTO customers(customer_id, first_name, last_name, email, join_date, region_id) VALUES (19, 'Emerson', 'Ali', 'emerson.ali19@example.com', DATE '2023-06-17', 4);
INSERT INTO customers(customer_id, first_name, last_name, email, join_date, region_id) VALUES (20, 'River', 'Singh', 'river.singh20@example.com', DATE '2024-10-17', 2);
INSERT INTO customers(customer_id, first_name, last_name, email, join_date, region_id) VALUES (21, 'Parker', 'Diaz', 'parker.diaz21@example.com', DATE '2023-08-23', 1);
INSERT INTO customers(customer_id, first_name, last_name, email, join_date, region_id) VALUES (22, 'Parker', 'Chen', 'parker.chen22@example.com', DATE '2023-10-02', 1);
INSERT INTO customers(customer_id, first_name, last_name, email, join_date, region_id) VALUES (23, 'Riley', 'Walker', 'riley.walker23@example.com', DATE '2023-11-19', 2);
INSERT INTO customers(customer_id, first_name, last_name, email, join_date, region_id) VALUES (24, 'Hayden', 'Chen', 'hayden.chen24@example.com', DATE '2024-10-20', 4);
INSERT INTO customers(customer_id, first_name, last_name, email, join_date, region_id) VALUES (25, 'Avery', 'Singh', 'avery.singh25@example.com', DATE '2023-05-23', 2);
INSERT INTO customers(customer_id, first_name, last_name, email, join_date, region_id) VALUES (26, 'Emerson', 'Lewis', 'emerson.lewis26@example.com', DATE '2023-09-27', 4);
INSERT INTO customers(customer_id, first_name, last_name, email, join_date, region_id) VALUES (27, 'Reese', 'Chen', 'reese.chen27@example.com', DATE '2024-01-06', 2);
INSERT INTO customers(customer_id, first_name, last_name, email, join_date, region_id) VALUES (28, 'Avery', 'Jackson', 'avery.jackson28@example.com', DATE '2024-05-20', 1);
INSERT INTO customers(customer_id, first_name, last_name, email, join_date, region_id) VALUES (29, 'Sam', 'Kim', 'sam.kim29@example.com', DATE '2023-06-06', 2);
INSERT INTO customers(customer_id, first_name, last_name, email, join_date, region_id) VALUES (30, 'Cameron', 'Young', 'cameron.young30@example.com', DATE '2023-03-07', 4);
INSERT INTO customers(customer_id, first_name, last_name, email, join_date, region_id) VALUES (31, 'River', 'Young', 'river.young31@example.com', DATE '2024-04-24', 3);
INSERT INTO customers(customer_id, first_name, last_name, email, join_date, region_id) VALUES (32, 'Emerson', 'Lee', 'emerson.lee32@example.com', DATE '2024-11-27', 1);
INSERT INTO customers(customer_id, first_name, last_name, email, join_date, region_id) VALUES (33, 'Emerson', 'Singh', 'emerson.singh33@example.com', DATE '2024-10-18', 3);
INSERT INTO customers(customer_id, first_name, last_name, email, join_date, region_id) VALUES (34, 'Jordan', 'Brown', 'jordan.brown34@example.com', DATE '2024-03-21', 2);
INSERT INTO customers(customer_id, first_name, last_name, email, join_date, region_id) VALUES (35, 'Skyler', 'Lee', 'skyler.lee35@example.com', DATE '2023-09-27', 2);
INSERT INTO customers(customer_id, first_name, last_name, email, join_date, region_id) VALUES (36, 'Rowan', 'Kim', 'rowan.kim36@example.com', DATE '2024-10-02', 3);
INSERT INTO customers(customer_id, first_name, last_name, email, join_date, region_id) VALUES (37, 'Rowan', 'Young', 'rowan.young37@example.com', DATE '2023-07-23', 2);
INSERT INTO customers(customer_id, first_name, last_name, email, join_date, region_id) VALUES (38, 'Drew', 'Garcia', 'drew.garcia38@example.com', DATE '2024-07-06', 1);
INSERT INTO customers(customer_id, first_name, last_name, email, join_date, region_id) VALUES (39, 'Sage', 'Clark', 'sage.clark39@example.com', DATE '2024-05-15', 1);
INSERT INTO customers(customer_id, first_name, last_name, email, join_date, region_id) VALUES (40, 'Jordan', 'Lopez', 'jordan.lopez40@example.com', DATE '2023-11-11', 2);
INSERT INTO customers(customer_id, first_name, last_name, email, join_date, region_id) VALUES (41, 'Sam', 'Ali', 'sam.ali41@example.com', DATE '2024-08-03', 1);
INSERT INTO customers(customer_id, first_name, last_name, email, join_date, region_id) VALUES (42, 'Taylor', 'Thomas', 'taylor.thomas42@example.com', DATE '2023-03-12', 2);
INSERT INTO customers(customer_id, first_name, last_name, email, join_date, region_id) VALUES (43, 'Avery', 'Thomas', 'avery.thomas43@example.com', DATE '2024-07-16', 2);
INSERT INTO customers(customer_id, first_name, last_name, email, join_date, region_id) VALUES (44, 'Jamie', 'Jackson', 'jamie.jackson44@example.com', DATE '2024-09-13', 4);
INSERT INTO customers(customer_id, first_name, last_name, email, join_date, region_id) VALUES (45, 'Riley', 'Lewis', 'riley.lewis45@example.com', DATE '2024-12-07', 2);
INSERT INTO customers(customer_id, first_name, last_name, email, join_date, region_id) VALUES (46, 'Morgan', 'Chen', 'morgan.chen46@example.com', DATE '2024-11-18', 3);
INSERT INTO customers(customer_id, first_name, last_name, email, join_date, region_id) VALUES (47, 'Skyler', 'Jackson', 'skyler.jackson47@example.com', DATE '2024-04-07', 1);
INSERT INTO customers(customer_id, first_name, last_name, email, join_date, region_id) VALUES (48, 'Quinn', 'Ali', 'quinn.ali48@example.com', DATE '2023-03-07', 3);
INSERT INTO customers(customer_id, first_name, last_name, email, join_date, region_id) VALUES (49, 'Alex', 'Walker', 'alex.walker49@example.com', DATE '2024-07-21', 2);
INSERT INTO customers(customer_id, first_name, last_name, email, join_date, region_id) VALUES (50, 'Reese', 'Ali', 'reese.ali50@example.com', DATE '2023-01-08', 1);
INSERT INTO customers(customer_id, first_name, last_name, email, join_date, region_id) VALUES (51, 'Sam', 'Ali', 'sam.ali51@example.com', DATE '2023-03-11', 1);
INSERT INTO customers(customer_id, first_name, last_name, email, join_date, region_id) VALUES (52, 'Parker', 'Patel', 'parker.patel52@example.com', DATE '2024-06-10', 2);
INSERT INTO customers(customer_id, first_name, last_name, email, join_date, region_id) VALUES (53, 'Jamie', 'Thomas', 'jamie.thomas53@example.com', DATE '2023-08-08', 2);
INSERT INTO customers(customer_id, first_name, last_name, email, join_date, region_id) VALUES (54, 'Reese', 'Walker', 'reese.walker54@example.com', DATE '2024-04-29', 2);
INSERT INTO customers(customer_id, first_name, last_name, email, join_date, region_id) VALUES (55, 'Hayden', 'Martinez', 'hayden.martinez55@example.com', DATE '2023-07-14', 1);
INSERT INTO customers(customer_id, first_name, last_name, email, join_date, region_id) VALUES (56, 'Jordan', 'Martinez', 'jordan.martinez56@example.com', DATE '2023-12-29', 4);
INSERT INTO customers(customer_id, first_name, last_name, email, join_date, region_id) VALUES (57, 'Cameron', 'Anderson', 'cameron.anderson57@example.com', DATE '2023-02-25', 1);
INSERT INTO customers(customer_id, first_name, last_name, email, join_date, region_id) VALUES (58, 'Sam', 'Chen', 'sam.chen58@example.com', DATE '2023-12-14', 1);
INSERT INTO customers(customer_id, first_name, last_name, email, join_date, region_id) VALUES (59, 'Quinn', 'Khan', 'quinn.khan59@example.com', DATE '2023-07-14', 4);
INSERT INTO customers(customer_id, first_name, last_name, email, join_date, region_id) VALUES (60, 'Avery', 'Martinez', 'avery.martinez60@example.com', DATE '2023-07-07', 3);

-- products
INSERT INTO products(product_id, product_name, category, unit_cost) VALUES (1, 'Wireless Mouse', 'Accessories', 38.62);
INSERT INTO products(product_id, product_name, category, unit_cost) VALUES (2, 'Keyboard', 'Accessories', 70.34);
INSERT INTO products(product_id, product_name, category, unit_cost) VALUES (3, 'Laptop Stand', 'Accessories', 8.80);
INSERT INTO products(product_id, product_name, category, unit_cost) VALUES (4, 'USB-C Hub', 'Accessories', 65.22);
INSERT INTO products(product_id, product_name, category, unit_cost) VALUES (5, 'Noise-Canceling Earbuds', 'Accessories', 68.91);
INSERT INTO products(product_id, product_name, category, unit_cost) VALUES (6, 'Ceramic Mug', 'Home', 10.54);
INSERT INTO products(product_id, product_name, category, unit_cost) VALUES (7, 'Desk Lamp', 'Home', 53.22);
INSERT INTO products(product_id, product_name, category, unit_cost) VALUES (8, 'Notebook Set', 'Home', 44.63);
INSERT INTO products(product_id, product_name, category, unit_cost) VALUES (9, 'Wall Clock', 'Home', 4.14);
INSERT INTO products(product_id, product_name, category, unit_cost) VALUES (10, 'Throw Pillow', 'Home', 10.18);
INSERT INTO products(product_id, product_name, category, unit_cost) VALUES (11, 'Portable SSD', 'Electronics', 61.02);
INSERT INTO products(product_id, product_name, category, unit_cost) VALUES (12, 'Webcam', 'Electronics', 21.20);
INSERT INTO products(product_id, product_name, category, unit_cost) VALUES (13, 'Bluetooth Speaker', 'Electronics', 34.29);
INSERT INTO products(product_id, product_name, category, unit_cost) VALUES (14, 'Power Bank', 'Electronics', 40.06);
INSERT INTO products(product_id, product_name, category, unit_cost) VALUES (15, 'Smartwatch Band', 'Electronics', 69.58);
INSERT INTO products(product_id, product_name, category, unit_cost) VALUES (16, 'Water Bottle', 'Outdoor', 72.49);
INSERT INTO products(product_id, product_name, category, unit_cost) VALUES (17, 'Hiking Backpack', 'Outdoor', 15.68);
INSERT INTO products(product_id, product_name, category, unit_cost) VALUES (18, 'Camping Lantern', 'Outdoor', 3.17);
INSERT INTO products(product_id, product_name, category, unit_cost) VALUES (19, 'Travel Towel', 'Outdoor', 33.06);
INSERT INTO products(product_id, product_name, category, unit_cost) VALUES (20, 'Sunscreen SPF50', 'Outdoor', 74.34);

-- orders
INSERT INTO orders(order_id, customer_id, order_date, region_id) VALUES (1, 51, DATE '2024-08-20', 1);
INSERT INTO orders(order_id, customer_id, order_date, region_id) VALUES (2, 48, DATE '2024-06-09', 3);
INSERT INTO orders(order_id, customer_id, order_date, region_id) VALUES (3, 11, DATE '2024-01-30', 1);
INSERT INTO orders(order_id, customer_id, order_date, region_id) VALUES (4, 56, DATE '2024-04-30', 4);
INSERT INTO orders(order_id, customer_id, order_date, region_id) VALUES (5, 46, DATE '2024-06-09', 3);
INSERT INTO orders(order_id, customer_id, order_date, region_id) VALUES (6, 30, DATE '2024-11-14', 4);
INSERT INTO orders(order_id, customer_id, order_date, region_id) VALUES (7, 9, DATE '2024-06-27', 4);
INSERT INTO orders(order_id, customer_id, order_date, region_id) VALUES (8, 54, DATE '2024-10-05', 2);
INSERT INTO orders(order_id, customer_id, order_date, region_id) VALUES (9, 36, DATE '2024-03-20', 3);
INSERT INTO orders(order_id, customer_id, order_date, region_id) VALUES (10, 1, DATE '2024-06-19', 2);
INSERT INTO orders(order_id, customer_id, order_date, region_id) VALUES (11, 57, DATE '2024-12-19', 1);
INSERT INTO orders(order_id, customer_id, order_date, region_id) VALUES (12, 20, DATE '2024-07-05', 2);
INSERT INTO orders(order_id, customer_id, order_date, region_id) VALUES (13, 7, DATE '2024-06-30', 4);
INSERT INTO orders(order_id, customer_id, order_date, region_id) VALUES (14, 56, DATE '2024-01-20', 4);
INSERT INTO orders(order_id, customer_id, order_date, region_id) VALUES (15, 42, DATE '2024-09-17', 2);
INSERT INTO orders(order_id, customer_id, order_date, region_id) VALUES (16, 25, DATE '2024-10-22', 2);
INSERT INTO orders(order_id, customer_id, order_date, region_id) VALUES (17, 47, DATE '2024-12-09', 1);
INSERT INTO orders(order_id, customer_id, order_date, region_id) VALUES (18, 58, DATE '2024-06-02', 1);
INSERT INTO orders(order_id, customer_id, order_date, region_id) VALUES (19, 36, DATE '2024-01-01', 3);
INSERT INTO orders(order_id, customer_id, order_date, region_id) VALUES (20, 6, DATE '2024-05-25', 3);
INSERT INTO orders(order_id, customer_id, order_date, region_id) VALUES (21, 55, DATE '2024-02-07', 1);
INSERT INTO orders(order_id, customer_id, order_date, region_id) VALUES (22, 4, DATE '2024-10-12', 1);
INSERT INTO orders(order_id, customer_id, order_date, region_id) VALUES (23, 49, DATE '2024-08-14', 2);
INSERT INTO orders(order_id, customer_id, order_date, region_id) VALUES (24, 19, DATE '2024-04-30', 4);
INSERT INTO orders(order_id, customer_id, order_date, region_id) VALUES (25, 27, DATE '2024-06-18', 2);
INSERT INTO orders(order_id, customer_id, order_date, region_id) VALUES (26, 48, DATE '2024-10-06', 3);
INSERT INTO orders(order_id, customer_id, order_date, region_id) VALUES (27, 11, DATE '2024-08-27', 1);
INSERT INTO orders(order_id, customer_id, order_date, region_id) VALUES (28, 28, DATE '2024-03-10', 1);
INSERT INTO orders(order_id, customer_id, order_date, region_id) VALUES (29, 23, DATE '2024-04-24', 2);
INSERT INTO orders(order_id, customer_id, order_date, region_id) VALUES (30, 54, DATE '2024-01-11', 2);
INSERT INTO orders(order_id, customer_id, order_date, region_id) VALUES (31, 11, DATE '2024-11-06', 1);
INSERT INTO orders(order_id, customer_id, order_date, region_id) VALUES (32, 2, DATE '2024-06-08', 1);
INSERT INTO orders(order_id, customer_id, order_date, region_id) VALUES (33, 28, DATE '2024-12-04', 1);
INSERT INTO orders(order_id, customer_id, order_date, region_id) VALUES (34, 10, DATE '2024-08-10', 3);
INSERT INTO orders(order_id, customer_id, order_date, region_id) VALUES (35, 53, DATE '2024-10-30', 2);
INSERT INTO orders(order_id, customer_id, order_date, region_id) VALUES (36, 32, DATE '2024-06-15', 1);
INSERT INTO orders(order_id, customer_id, order_date, region_id) VALUES (37, 1, DATE '2024-09-21', 2);
INSERT INTO orders(order_id, customer_id, order_date, region_id) VALUES (38, 46, DATE '2024-09-08', 3);
INSERT INTO orders(order_id, customer_id, order_date, region_id) VALUES (39, 20, DATE '2024-05-08', 2);
INSERT INTO orders(order_id, customer_id, order_date, region_id) VALUES (40, 14, DATE '2024-09-04', 2);
INSERT INTO orders(order_id, customer_id, order_date, region_id) VALUES (41, 46, DATE '2024-09-30', 3);
INSERT INTO orders(order_id, customer_id, order_date, region_id) VALUES (42, 56, DATE '2024-09-08', 4);
INSERT INTO orders(order_id, customer_id, order_date, region_id) VALUES (43, 29, DATE '2024-06-23', 2);
INSERT INTO orders(order_id, customer_id, order_date, region_id) VALUES (44, 41, DATE '2024-12-17', 1);
INSERT INTO orders(order_id, customer_id, order_date, region_id) VALUES (45, 6, DATE '2024-05-07', 3);
INSERT INTO orders(order_id, customer_id, order_date, region_id) VALUES (46, 51, DATE '2024-11-12', 1);
INSERT INTO orders(order_id, customer_id, order_date, region_id) VALUES (47, 40, DATE '2024-01-31', 2);
INSERT INTO orders(order_id, customer_id, order_date, region_id) VALUES (48, 6, DATE '2024-03-21', 3);
INSERT INTO orders(order_id, customer_id, order_date, region_id) VALUES (49, 19, DATE '2024-01-17', 4);
INSERT INTO orders(order_id, customer_id, order_date, region_id) VALUES (50, 52, DATE '2024-04-11', 2);
INSERT INTO orders(order_id, customer_id, order_date, region_id) VALUES (51, 26, DATE '2024-05-19', 4);
INSERT INTO orders(order_id, customer_id, order_date, region_id) VALUES (52, 3, DATE '2024-03-30', 1);
INSERT INTO orders(order_id, customer_id, order_date, region_id) VALUES (53, 45, DATE '2024-09-10', 2);
INSERT INTO orders(order_id, customer_id, order_date, region_id) VALUES (54, 53, DATE '2024-01-01', 2);
INSERT INTO orders(order_id, customer_id, order_date, region_id) VALUES (55, 2, DATE '2024-11-18', 1);
INSERT INTO orders(order_id, customer_id, order_date, region_id) VALUES (56, 8, DATE '2024-11-27', 2);
INSERT INTO orders(order_id, customer_id, order_date, region_id) VALUES (57, 16, DATE '2024-08-21', 3);
INSERT INTO orders(order_id, customer_id, order_date, region_id) VALUES (58, 22, DATE '2024-09-16', 1);
INSERT INTO orders(order_id, customer_id, order_date, region_id) VALUES (59, 36, DATE '2024-10-05', 3);
INSERT INTO orders(order_id, customer_id, order_date, region_id) VALUES (60, 3, DATE '2024-03-05', 1);
INSERT INTO orders(order_id, customer_id, order_date, region_id) VALUES (61, 31, DATE '2024-05-15', 3);
INSERT INTO orders(order_id, customer_id, order_date, region_id) VALUES (62, 5, DATE '2024-04-30', 4);
INSERT INTO orders(order_id, customer_id, order_date, region_id) VALUES (63, 23, DATE '2024-07-10', 2);
INSERT INTO orders(order_id, customer_id, order_date, region_id) VALUES (64, 17, DATE '2024-08-23', 2);
INSERT INTO orders(order_id, customer_id, order_date, region_id) VALUES (65, 17, DATE '2024-08-21', 2);
INSERT INTO orders(order_id, customer_id, order_date, region_id) VALUES (66, 54, DATE '2024-12-03', 2);
INSERT INTO orders(order_id, customer_id, order_date, region_id) VALUES (67, 7, DATE '2024-11-17', 4);
INSERT INTO orders(order_id, customer_id, order_date, region_id) VALUES (68, 24, DATE '2024-03-08', 4);
INSERT INTO orders(order_id, customer_id, order_date, region_id) VALUES (69, 13, DATE '2024-03-08', 2);
INSERT INTO orders(order_id, customer_id, order_date, region_id) VALUES (70, 10, DATE '2024-04-25', 3);
INSERT INTO orders(order_id, customer_id, order_date, region_id) VALUES (71, 21, DATE '2024-11-08', 1);
INSERT INTO orders(order_id, customer_id, order_date, region_id) VALUES (72, 3, DATE '2024-01-20', 1);
INSERT INTO orders(order_id, customer_id, order_date, region_id) VALUES (73, 42, DATE '2024-02-20', 2);
INSERT INTO orders(order_id, customer_id, order_date, region_id) VALUES (74, 8, DATE '2024-08-20', 2);
INSERT INTO orders(order_id, customer_id, order_date, region_id) VALUES (75, 4, DATE '2024-06-19', 1);
INSERT INTO orders(order_id, customer_id, order_date, region_id) VALUES (76, 22, DATE '2024-03-16', 1);
INSERT INTO orders(order_id, customer_id, order_date, region_id) VALUES (77, 35, DATE '2024-05-08', 2);
INSERT INTO orders(order_id, customer_id, order_date, region_id) VALUES (78, 21, DATE '2024-01-09', 1);
INSERT INTO orders(order_id, customer_id, order_date, region_id) VALUES (79, 50, DATE '2024-07-04', 1);
INSERT INTO orders(order_id, customer_id, order_date, region_id) VALUES (80, 47, DATE '2024-12-03', 1);
INSERT INTO orders(order_id, customer_id, order_date, region_id) VALUES (81, 58, DATE '2024-02-11', 1);
INSERT INTO orders(order_id, customer_id, order_date, region_id) VALUES (82, 19, DATE '2024-08-20', 4);
INSERT INTO orders(order_id, customer_id, order_date, region_id) VALUES (83, 28, DATE '2024-06-09', 1);
INSERT INTO orders(order_id, customer_id, order_date, region_id) VALUES (84, 36, DATE '2024-01-31', 3);
INSERT INTO orders(order_id, customer_id, order_date, region_id) VALUES (85, 10, DATE '2024-12-02', 3);
INSERT INTO orders(order_id, customer_id, order_date, region_id) VALUES (86, 39, DATE '2024-12-02', 1);
INSERT INTO orders(order_id, customer_id, order_date, region_id) VALUES (87, 48, DATE '2024-09-28', 3);
INSERT INTO orders(order_id, customer_id, order_date, region_id) VALUES (88, 39, DATE '2024-02-13', 1);
INSERT INTO orders(order_id, customer_id, order_date, region_id) VALUES (89, 44, DATE '2024-02-11', 4);
INSERT INTO orders(order_id, customer_id, order_date, region_id) VALUES (90, 44, DATE '2024-12-13', 4);
INSERT INTO orders(order_id, customer_id, order_date, region_id) VALUES (91, 32, DATE '2024-08-08', 1);
INSERT INTO orders(order_id, customer_id, order_date, region_id) VALUES (92, 26, DATE '2024-01-22', 4);
INSERT INTO orders(order_id, customer_id, order_date, region_id) VALUES (93, 54, DATE '2024-12-19', 2);
INSERT INTO orders(order_id, customer_id, order_date, region_id) VALUES (94, 22, DATE '2024-03-27', 1);
INSERT INTO orders(order_id, customer_id, order_date, region_id) VALUES (95, 13, DATE '2024-06-27', 2);
INSERT INTO orders(order_id, customer_id, order_date, region_id) VALUES (96, 49, DATE '2024-10-15', 2);
INSERT INTO orders(order_id, customer_id, order_date, region_id) VALUES (97, 30, DATE '2024-08-19', 4);
INSERT INTO orders(order_id, customer_id, order_date, region_id) VALUES (98, 42, DATE '2024-02-16', 2);
INSERT INTO orders(order_id, customer_id, order_date, region_id) VALUES (99, 6, DATE '2024-09-15', 3);
INSERT INTO orders(order_id, customer_id, order_date, region_id) VALUES (100, 24, DATE '2024-05-24', 4);
INSERT INTO orders(order_id, customer_id, order_date, region_id) VALUES (101, 20, DATE '2024-12-01', 2);
INSERT INTO orders(order_id, customer_id, order_date, region_id) VALUES (102, 14, DATE '2024-06-23', 2);
INSERT INTO orders(order_id, customer_id, order_date, region_id) VALUES (103, 39, DATE '2024-07-11', 1);
INSERT INTO orders(order_id, customer_id, order_date, region_id) VALUES (104, 47, DATE '2024-05-01', 1);
INSERT INTO orders(order_id, customer_id, order_date, region_id) VALUES (105, 34, DATE '2024-08-02', 2);
INSERT INTO orders(order_id, customer_id, order_date, region_id) VALUES (106, 60, DATE '2024-02-22', 3);
INSERT INTO orders(order_id, customer_id, order_date, region_id) VALUES (107, 29, DATE '2024-09-19', 2);
INSERT INTO orders(order_id, customer_id, order_date, region_id) VALUES (108, 26, DATE '2024-09-14', 4);
INSERT INTO orders(order_id, customer_id, order_date, region_id) VALUES (109, 19, DATE '2024-08-29', 4);
INSERT INTO orders(order_id, customer_id, order_date, region_id) VALUES (110, 47, DATE '2024-11-07', 1);
INSERT INTO orders(order_id, customer_id, order_date, region_id) VALUES (111, 16, DATE '2024-03-14', 3);
INSERT INTO orders(order_id, customer_id, order_date, region_id) VALUES (112, 33, DATE '2024-09-16', 3);
INSERT INTO orders(order_id, customer_id, order_date, region_id) VALUES (113, 25, DATE '2024-07-10', 2);
INSERT INTO orders(order_id, customer_id, order_date, region_id) VALUES (114, 22, DATE '2024-11-25', 1);
INSERT INTO orders(order_id, customer_id, order_date, region_id) VALUES (115, 50, DATE '2024-08-22', 1);
INSERT INTO orders(order_id, customer_id, order_date, region_id) VALUES (116, 21, DATE '2024-06-07', 1);
INSERT INTO orders(order_id, customer_id, order_date, region_id) VALUES (117, 12, DATE '2024-09-11', 3);
INSERT INTO orders(order_id, customer_id, order_date, region_id) VALUES (118, 43, DATE '2024-05-31', 2);
INSERT INTO orders(order_id, customer_id, order_date, region_id) VALUES (119, 41, DATE '2024-01-30', 1);
INSERT INTO orders(order_id, customer_id, order_date, region_id) VALUES (120, 10, DATE '2024-11-07', 3);
INSERT INTO orders(order_id, customer_id, order_date, region_id) VALUES (121, 9, DATE '2024-09-28', 4);
INSERT INTO orders(order_id, customer_id, order_date, region_id) VALUES (122, 17, DATE '2024-05-13', 2);
INSERT INTO orders(order_id, customer_id, order_date, region_id) VALUES (123, 35, DATE '2024-05-28', 2);
INSERT INTO orders(order_id, customer_id, order_date, region_id) VALUES (124, 36, DATE '2024-10-20', 3);
INSERT INTO orders(order_id, customer_id, order_date, region_id) VALUES (125, 27, DATE '2024-07-28', 2);
INSERT INTO orders(order_id, customer_id, order_date, region_id) VALUES (126, 30, DATE '2024-12-14', 4);
INSERT INTO orders(order_id, customer_id, order_date, region_id) VALUES (127, 34, DATE '2024-03-19', 2);
INSERT INTO orders(order_id, customer_id, order_date, region_id) VALUES (128, 9, DATE '2024-11-16', 4);
INSERT INTO orders(order_id, customer_id, order_date, region_id) VALUES (129, 54, DATE '2024-10-15', 2);
INSERT INTO orders(order_id, customer_id, order_date, region_id) VALUES (130, 42, DATE '2024-04-17', 2);
INSERT INTO orders(order_id, customer_id, order_date, region_id) VALUES (131, 29, DATE '2024-07-31', 2);
INSERT INTO orders(order_id, customer_id, order_date, region_id) VALUES (132, 30, DATE '2024-03-03', 4);
INSERT INTO orders(order_id, customer_id, order_date, region_id) VALUES (133, 60, DATE '2024-10-22', 3);
INSERT INTO orders(order_id, customer_id, order_date, region_id) VALUES (134, 30, DATE '2024-05-03', 4);
INSERT INTO orders(order_id, customer_id, order_date, region_id) VALUES (135, 35, DATE '2024-01-05', 2);
INSERT INTO orders(order_id, customer_id, order_date, region_id) VALUES (136, 24, DATE '2024-07-25', 4);
INSERT INTO orders(order_id, customer_id, order_date, region_id) VALUES (137, 53, DATE '2024-11-15', 2);
INSERT INTO orders(order_id, customer_id, order_date, region_id) VALUES (138, 51, DATE '2024-06-22', 1);
INSERT INTO orders(order_id, customer_id, order_date, region_id) VALUES (139, 10, DATE '2024-11-06', 3);
INSERT INTO orders(order_id, customer_id, order_date, region_id) VALUES (140, 22, DATE '2024-09-16', 1);
INSERT INTO orders(order_id, customer_id, order_date, region_id) VALUES (141, 15, DATE '2024-01-27', 1);
INSERT INTO orders(order_id, customer_id, order_date, region_id) VALUES (142, 27, DATE '2024-12-19', 2);
INSERT INTO orders(order_id, customer_id, order_date, region_id) VALUES (143, 36, DATE '2024-06-15', 3);
INSERT INTO orders(order_id, customer_id, order_date, region_id) VALUES (144, 50, DATE '2024-05-27', 1);
INSERT INTO orders(order_id, customer_id, order_date, region_id) VALUES (145, 35, DATE '2024-07-13', 2);
INSERT INTO orders(order_id, customer_id, order_date, region_id) VALUES (146, 45, DATE '2024-05-19', 2);
INSERT INTO orders(order_id, customer_id, order_date, region_id) VALUES (147, 41, DATE '2024-04-29', 1);
INSERT INTO orders(order_id, customer_id, order_date, region_id) VALUES (148, 44, DATE '2024-03-11', 4);
INSERT INTO orders(order_id, customer_id, order_date, region_id) VALUES (149, 42, DATE '2024-08-31', 2);
INSERT INTO orders(order_id, customer_id, order_date, region_id) VALUES (150, 54, DATE '2024-07-22', 2);
INSERT INTO orders(order_id, customer_id, order_date, region_id) VALUES (151, 30, DATE '2024-05-19', 4);
INSERT INTO orders(order_id, customer_id, order_date, region_id) VALUES (152, 22, DATE '2024-05-31', 1);
INSERT INTO orders(order_id, customer_id, order_date, region_id) VALUES (153, 7, DATE '2024-04-04', 4);
INSERT INTO orders(order_id, customer_id, order_date, region_id) VALUES (154, 22, DATE '2024-06-03', 1);
INSERT INTO orders(order_id, customer_id, order_date, region_id) VALUES (155, 43, DATE '2024-03-01', 2);
INSERT INTO orders(order_id, customer_id, order_date, region_id) VALUES (156, 27, DATE '2024-12-25', 2);
INSERT INTO orders(order_id, customer_id, order_date, region_id) VALUES (157, 13, DATE '2024-10-20', 2);
INSERT INTO orders(order_id, customer_id, order_date, region_id) VALUES (158, 6, DATE '2024-09-18', 3);
INSERT INTO orders(order_id, customer_id, order_date, region_id) VALUES (159, 3, DATE '2024-08-04', 1);
INSERT INTO orders(order_id, customer_id, order_date, region_id) VALUES (160, 58, DATE '2024-07-14', 1);
INSERT INTO orders(order_id, customer_id, order_date, region_id) VALUES (161, 47, DATE '2024-10-05', 1);
INSERT INTO orders(order_id, customer_id, order_date, region_id) VALUES (162, 39, DATE '2024-01-18', 1);
INSERT INTO orders(order_id, customer_id, order_date, region_id) VALUES (163, 37, DATE '2024-06-12', 2);
INSERT INTO orders(order_id, customer_id, order_date, region_id) VALUES (164, 59, DATE '2024-03-30', 4);
INSERT INTO orders(order_id, customer_id, order_date, region_id) VALUES (165, 55, DATE '2024-04-25', 1);
INSERT INTO orders(order_id, customer_id, order_date, region_id) VALUES (166, 22, DATE '2024-11-27', 1);
INSERT INTO orders(order_id, customer_id, order_date, region_id) VALUES (167, 47, DATE '2024-04-07', 1);
INSERT INTO orders(order_id, customer_id, order_date, region_id) VALUES (168, 3, DATE '2024-02-07', 1);
INSERT INTO orders(order_id, customer_id, order_date, region_id) VALUES (169, 59, DATE '2024-01-08', 4);
INSERT INTO orders(order_id, customer_id, order_date, region_id) VALUES (170, 14, DATE '2024-07-22', 2);
INSERT INTO orders(order_id, customer_id, order_date, region_id) VALUES (171, 17, DATE '2024-07-03', 2);
INSERT INTO orders(order_id, customer_id, order_date, region_id) VALUES (172, 47, DATE '2024-08-01', 1);
INSERT INTO orders(order_id, customer_id, order_date, region_id) VALUES (173, 42, DATE '2024-09-08', 2);
INSERT INTO orders(order_id, customer_id, order_date, region_id) VALUES (174, 4, DATE '2024-01-04', 1);
INSERT INTO orders(order_id, customer_id, order_date, region_id) VALUES (175, 27, DATE '2024-01-07', 2);
INSERT INTO orders(order_id, customer_id, order_date, region_id) VALUES (176, 2, DATE '2024-09-14', 1);
INSERT INTO orders(order_id, customer_id, order_date, region_id) VALUES (177, 37, DATE '2024-05-04', 2);
INSERT INTO orders(order_id, customer_id, order_date, region_id) VALUES (178, 36, DATE '2024-08-31', 3);
INSERT INTO orders(order_id, customer_id, order_date, region_id) VALUES (179, 55, DATE '2024-08-10', 1);
INSERT INTO orders(order_id, customer_id, order_date, region_id) VALUES (180, 60, DATE '2024-05-23', 3);

-- order_items
INSERT INTO order_items(order_id, product_id, unit_price, quantity, discount) VALUES (1, 14, 64.82, 5, 0.15);
INSERT INTO order_items(order_id, product_id, unit_price, quantity, discount) VALUES (1, 16, 93.72, 3, 0.00);
INSERT INTO order_items(order_id, product_id, unit_price, quantity, discount) VALUES (1, 2, 108.85, 5, 0.00);
INSERT INTO order_items(order_id, product_id, unit_price, quantity, discount) VALUES (2, 2, 109.06, 5, 0.10);
INSERT INTO order_items(order_id, product_id, unit_price, quantity, discount) VALUES (3, 6, 13.08, 1, 0.15);
INSERT INTO order_items(order_id, product_id, unit_price, quantity, discount) VALUES (4, 4, 115.11, 5, 0.00);
INSERT INTO order_items(order_id, product_id, unit_price, quantity, discount) VALUES (4, 19, 51.46, 5, 0.00);
INSERT INTO order_items(order_id, product_id, unit_price, quantity, discount) VALUES (4, 14, 63.87, 5, 0.10);
INSERT INTO order_items(order_id, product_id, unit_price, quantity, discount) VALUES (4, 11, 107.45, 2, 0.15);
INSERT INTO order_items(order_id, product_id, unit_price, quantity, discount) VALUES (5, 9, 5.95, 3, 0.05);
INSERT INTO order_items(order_id, product_id, unit_price, quantity, discount) VALUES (5, 11, 107.24, 1, 0.00);
INSERT INTO order_items(order_id, product_id, unit_price, quantity, discount) VALUES (6, 3, 13.40, 5, 0.00);
INSERT INTO order_items(order_id, product_id, unit_price, quantity, discount) VALUES (7, 8, 63.45, 2, 0.05);
INSERT INTO order_items(order_id, product_id, unit_price, quantity, discount) VALUES (8, 20, 133.09, 5, 0.00);
INSERT INTO order_items(order_id, product_id, unit_price, quantity, discount) VALUES (8, 18, 4.37, 1, 0.00);
INSERT INTO order_items(order_id, product_id, unit_price, quantity, discount) VALUES (8, 9, 5.25, 1, 0.15);
INSERT INTO order_items(order_id, product_id, unit_price, quantity, discount) VALUES (9, 10, 15.91, 3, 0.00);
INSERT INTO order_items(order_id, product_id, unit_price, quantity, discount) VALUES (9, 9, 6.22, 3, 0.00);
INSERT INTO order_items(order_id, product_id, unit_price, quantity, discount) VALUES (9, 3, 13.91, 3, 0.00);
INSERT INTO order_items(order_id, product_id, unit_price, quantity, discount) VALUES (10, 9, 5.37, 4, 0.10);
INSERT INTO order_items(order_id, product_id, unit_price, quantity, discount) VALUES (10, 14, 61.55, 1, 0.00);
INSERT INTO order_items(order_id, product_id, unit_price, quantity, discount) VALUES (11, 18, 3.87, 3, 0.10);
INSERT INTO order_items(order_id, product_id, unit_price, quantity, discount) VALUES (11, 18, 4.09, 2, 0.00);
INSERT INTO order_items(order_id, product_id, unit_price, quantity, discount) VALUES (12, 12, 28.11, 2, 0.15);
INSERT INTO order_items(order_id, product_id, unit_price, quantity, discount) VALUES (13, 20, 122.64, 2, 0.00);
INSERT INTO order_items(order_id, product_id, unit_price, quantity, discount) VALUES (13, 6, 18.22, 1, 0.00);
INSERT INTO order_items(order_id, product_id, unit_price, quantity, discount) VALUES (13, 11, 101.87, 4, 0.15);
INSERT INTO order_items(order_id, product_id, unit_price, quantity, discount) VALUES (13, 8, 60.70, 1, 0.05);
INSERT INTO order_items(order_id, product_id, unit_price, quantity, discount) VALUES (14, 8, 58.90, 4, 0.00);
INSERT INTO order_items(order_id, product_id, unit_price, quantity, discount) VALUES (14, 10, 17.23, 2, 0.00);
INSERT INTO order_items(order_id, product_id, unit_price, quantity, discount) VALUES (14, 1, 61.64, 4, 0.00);
INSERT INTO order_items(order_id, product_id, unit_price, quantity, discount) VALUES (14, 9, 7.12, 3, 0.00);
INSERT INTO order_items(order_id, product_id, unit_price, quantity, discount) VALUES (15, 18, 4.43, 1, 0.00);
INSERT INTO order_items(order_id, product_id, unit_price, quantity, discount) VALUES (15, 9, 5.41, 3, 0.00);
INSERT INTO order_items(order_id, product_id, unit_price, quantity, discount) VALUES (15, 4, 101.61, 3, 0.15);
INSERT INTO order_items(order_id, product_id, unit_price, quantity, discount) VALUES (15, 11, 89.20, 5, 0.00);
INSERT INTO order_items(order_id, product_id, unit_price, quantity, discount) VALUES (16, 9, 5.08, 4, 0.00);
INSERT INTO order_items(order_id, product_id, unit_price, quantity, discount) VALUES (16, 17, 27.52, 5, 0.15);
INSERT INTO order_items(order_id, product_id, unit_price, quantity, discount) VALUES (17, 12, 30.93, 3, 0.10);
INSERT INTO order_items(order_id, product_id, unit_price, quantity, discount) VALUES (17, 11, 97.51, 1, 0.15);
INSERT INTO order_items(order_id, product_id, unit_price, quantity, discount) VALUES (18, 14, 55.91, 3, 0.10);
INSERT INTO order_items(order_id, product_id, unit_price, quantity, discount) VALUES (18, 5, 90.62, 4, 0.15);
INSERT INTO order_items(order_id, product_id, unit_price, quantity, discount) VALUES (18, 6, 16.54, 3, 0.05);
INSERT INTO order_items(order_id, product_id, unit_price, quantity, discount) VALUES (19, 10, 13.50, 5, 0.10);
INSERT INTO order_items(order_id, product_id, unit_price, quantity, discount) VALUES (19, 11, 90.25, 4, 0.15);
INSERT INTO order_items(order_id, product_id, unit_price, quantity, discount) VALUES (19, 7, 80.19, 2, 0.15);
INSERT INTO order_items(order_id, product_id, unit_price, quantity, discount) VALUES (20, 3, 14.88, 2, 0.15);
INSERT INTO order_items(order_id, product_id, unit_price, quantity, discount) VALUES (20, 10, 13.59, 2, 0.00);
INSERT INTO order_items(order_id, product_id, unit_price, quantity, discount) VALUES (20, 1, 47.41, 4, 0.10);
INSERT INTO order_items(order_id, product_id, unit_price, quantity, discount) VALUES (21, 14, 69.37, 5, 0.00);
INSERT INTO order_items(order_id, product_id, unit_price, quantity, discount) VALUES (21, 13, 51.32, 2, 0.00);
INSERT INTO order_items(order_id, product_id, unit_price, quantity, discount) VALUES (21, 1, 67.03, 1, 0.05);
INSERT INTO order_items(order_id, product_id, unit_price, quantity, discount) VALUES (21, 8, 58.27, 5, 0.05);
INSERT INTO order_items(order_id, product_id, unit_price, quantity, discount) VALUES (22, 4, 96.13, 4, 0.15);
INSERT INTO order_items(order_id, product_id, unit_price, quantity, discount) VALUES (22, 17, 28.11, 5, 0.00);
INSERT INTO order_items(order_id, product_id, unit_price, quantity, discount) VALUES (23, 18, 4.65, 2, 0.15);
INSERT INTO order_items(order_id, product_id, unit_price, quantity, discount) VALUES (23, 16, 106.56, 2, 0.15);
INSERT INTO order_items(order_id, product_id, unit_price, quantity, discount) VALUES (23, 9, 6.87, 5, 0.05);
INSERT INTO order_items(order_id, product_id, unit_price, quantity, discount) VALUES (23, 8, 60.91, 1, 0.15);
INSERT INTO order_items(order_id, product_id, unit_price, quantity, discount) VALUES (24, 11, 84.93, 5, 0.00);
INSERT INTO order_items(order_id, product_id, unit_price, quantity, discount) VALUES (24, 5, 88.93, 4, 0.15);
INSERT INTO order_items(order_id, product_id, unit_price, quantity, discount) VALUES (24, 5, 111.90, 1, 0.05);
INSERT INTO order_items(order_id, product_id, unit_price, quantity, discount) VALUES (25, 14, 49.57, 4, 0.05);
INSERT INTO order_items(order_id, product_id, unit_price, quantity, discount) VALUES (25, 19, 58.44, 1, 0.10);
INSERT INTO order_items(order_id, product_id, unit_price, quantity, discount) VALUES (25, 13, 50.96, 3, 0.00);
INSERT INTO order_items(order_id, product_id, unit_price, quantity, discount) VALUES (25, 13, 58.71, 4, 0.10);
INSERT INTO order_items(order_id, product_id, unit_price, quantity, discount) VALUES (26, 16, 96.53, 4, 0.05);
INSERT INTO order_items(order_id, product_id, unit_price, quantity, discount) VALUES (26, 1, 55.35, 4, 0.15);
INSERT INTO order_items(order_id, product_id, unit_price, quantity, discount) VALUES (27, 20, 113.03, 4, 0.10);
INSERT INTO order_items(order_id, product_id, unit_price, quantity, discount) VALUES (27, 19, 52.82, 1, 0.15);
INSERT INTO order_items(order_id, product_id, unit_price, quantity, discount) VALUES (28, 6, 12.97, 4, 0.00);
INSERT INTO order_items(order_id, product_id, unit_price, quantity, discount) VALUES (28, 7, 78.38, 3, 0.05);
INSERT INTO order_items(order_id, product_id, unit_price, quantity, discount) VALUES (28, 9, 6.84, 4, 0.00);
INSERT INTO order_items(order_id, product_id, unit_price, quantity, discount) VALUES (28, 3, 13.04, 5, 0.00);
INSERT INTO order_items(order_id, product_id, unit_price, quantity, discount) VALUES (29, 2, 116.24, 2, 0.00);
INSERT INTO order_items(order_id, product_id, unit_price, quantity, discount) VALUES (30, 8, 56.94, 1, 0.10);
INSERT INTO order_items(order_id, product_id, unit_price, quantity, discount) VALUES (30, 7, 78.71, 3, 0.00);
INSERT INTO order_items(order_id, product_id, unit_price, quantity, discount) VALUES (31, 6, 18.75, 1, 0.10);
INSERT INTO order_items(order_id, product_id, unit_price, quantity, discount) VALUES (32, 13, 60.52, 2, 0.00);
INSERT INTO order_items(order_id, product_id, unit_price, quantity, discount) VALUES (32, 19, 53.37, 2, 0.00);
INSERT INTO order_items(order_id, product_id, unit_price, quantity, discount) VALUES (32, 10, 17.41, 5, 0.00);
INSERT INTO order_items(order_id, product_id, unit_price, quantity, discount) VALUES (32, 19, 55.20, 3, 0.10);
INSERT INTO order_items(order_id, product_id, unit_price, quantity, discount) VALUES (33, 3, 13.23, 3, 0.00);
INSERT INTO order_items(order_id, product_id, unit_price, quantity, discount) VALUES (33, 14, 67.84, 1, 0.05);
INSERT INTO order_items(order_id, product_id, unit_price, quantity, discount) VALUES (33, 12, 33.52, 4, 0.15);
INSERT INTO order_items(order_id, product_id, unit_price, quantity, discount) VALUES (34, 17, 27.90, 3, 0.10);
INSERT INTO order_items(order_id, product_id, unit_price, quantity, discount) VALUES (34, 18, 5.28, 4, 0.05);
INSERT INTO order_items(order_id, product_id, unit_price, quantity, discount) VALUES (35, 11, 104.41, 1, 0.00);
INSERT INTO order_items(order_id, product_id, unit_price, quantity, discount) VALUES (35, 15, 93.68, 4, 0.10);
INSERT INTO order_items(order_id, product_id, unit_price, quantity, discount) VALUES (35, 20, 119.01, 3, 0.00);
INSERT INTO order_items(order_id, product_id, unit_price, quantity, discount) VALUES (36, 16, 96.21, 3, 0.00);
INSERT INTO order_items(order_id, product_id, unit_price, quantity, discount) VALUES (36, 9, 7.15, 3, 0.10);
INSERT INTO order_items(order_id, product_id, unit_price, quantity, discount) VALUES (37, 3, 11.83, 4, 0.05);
INSERT INTO order_items(order_id, product_id, unit_price, quantity, discount) VALUES (37, 18, 5.25, 4, 0.15);
INSERT INTO order_items(order_id, product_id, unit_price, quantity, discount) VALUES (38, 1, 48.50, 2, 0.05);
INSERT INTO order_items(order_id, product_id, unit_price, quantity, discount) VALUES (38, 8, 61.76, 5, 0.00);
INSERT INTO order_items(order_id, product_id, unit_price, quantity, discount) VALUES (38, 16, 111.06, 3, 0.05);
INSERT INTO order_items(order_id, product_id, unit_price, quantity, discount) VALUES (38, 18, 4.43, 4, 0.00);
INSERT INTO order_items(order_id, product_id, unit_price, quantity, discount) VALUES (39, 4, 106.49, 3, 0.00);
INSERT INTO order_items(order_id, product_id, unit_price, quantity, discount) VALUES (39, 18, 5.61, 2, 0.00);
INSERT INTO order_items(order_id, product_id, unit_price, quantity, discount) VALUES (40, 19, 59.04, 5, 0.10);
INSERT INTO order_items(order_id, product_id, unit_price, quantity, discount) VALUES (40, 10, 18.20, 2, 0.00);
INSERT INTO order_items(order_id, product_id, unit_price, quantity, discount) VALUES (40, 8, 63.22, 3, 0.00);
INSERT INTO order_items(order_id, product_id, unit_price, quantity, discount) VALUES (41, 9, 5.08, 1, 0.10);
INSERT INTO order_items(order_id, product_id, unit_price, quantity, discount) VALUES (41, 10, 16.48, 2, 0.15);
INSERT INTO order_items(order_id, product_id, unit_price, quantity, discount) VALUES (42, 1, 59.65, 4, 0.05);
INSERT INTO order_items(order_id, product_id, unit_price, quantity, discount) VALUES (43, 2, 95.06, 4, 0.00);
INSERT INTO order_items(order_id, product_id, unit_price, quantity, discount) VALUES (43, 3, 12.68, 1, 0.10);
INSERT INTO order_items(order_id, product_id, unit_price, quantity, discount) VALUES (44, 5, 88.86, 5, 0.00);
INSERT INTO order_items(order_id, product_id, unit_price, quantity, discount) VALUES (45, 18, 5.26, 5, 0.10);
INSERT INTO order_items(order_id, product_id, unit_price, quantity, discount) VALUES (46, 17, 22.39, 4, 0.00);
INSERT INTO order_items(order_id, product_id, unit_price, quantity, discount) VALUES (46, 19, 59.31, 3, 0.10);
INSERT INTO order_items(order_id, product_id, unit_price, quantity, discount) VALUES (47, 7, 83.84, 3, 0.15);
INSERT INTO order_items(order_id, product_id, unit_price, quantity, discount) VALUES (48, 6, 16.14, 2, 0.00);
INSERT INTO order_items(order_id, product_id, unit_price, quantity, discount) VALUES (48, 14, 58.90, 5, 0.05);
INSERT INTO order_items(order_id, product_id, unit_price, quantity, discount) VALUES (49, 10, 16.53, 4, 0.00);
INSERT INTO order_items(order_id, product_id, unit_price, quantity, discount) VALUES (49, 8, 78.30, 5, 0.15);
INSERT INTO order_items(order_id, product_id, unit_price, quantity, discount) VALUES (50, 4, 99.57, 2, 0.00);
INSERT INTO order_items(order_id, product_id, unit_price, quantity, discount) VALUES (50, 5, 85.64, 2, 0.00);
INSERT INTO order_items(order_id, product_id, unit_price, quantity, discount) VALUES (50, 20, 122.61, 5, 0.00);
INSERT INTO order_items(order_id, product_id, unit_price, quantity, discount) VALUES (50, 15, 88.69, 3, 0.15);
INSERT INTO order_items(order_id, product_id, unit_price, quantity, discount) VALUES (51, 15, 86.85, 1, 0.05);
INSERT INTO order_items(order_id, product_id, unit_price, quantity, discount) VALUES (51, 11, 95.33, 1, 0.00);
INSERT INTO order_items(order_id, product_id, unit_price, quantity, discount) VALUES (51, 8, 79.31, 5, 0.10);
INSERT INTO order_items(order_id, product_id, unit_price, quantity, discount) VALUES (51, 1, 69.51, 3, 0.10);
INSERT INTO order_items(order_id, product_id, unit_price, quantity, discount) VALUES (52, 17, 24.95, 3, 0.00);
INSERT INTO order_items(order_id, product_id, unit_price, quantity, discount) VALUES (52, 19, 48.32, 4, 0.00);
INSERT INTO order_items(order_id, product_id, unit_price, quantity, discount) VALUES (52, 16, 102.12, 3, 0.00);
INSERT INTO order_items(order_id, product_id, unit_price, quantity, discount) VALUES (52, 4, 111.83, 3, 0.05);
INSERT INTO order_items(order_id, product_id, unit_price, quantity, discount) VALUES (53, 13, 57.89, 5, 0.00);
INSERT INTO order_items(order_id, product_id, unit_price, quantity, discount) VALUES (53, 15, 87.17, 3, 0.00);
INSERT INTO order_items(order_id, product_id, unit_price, quantity, discount) VALUES (53, 4, 116.23, 4, 0.10);
INSERT INTO order_items(order_id, product_id, unit_price, quantity, discount) VALUES (54, 14, 49.37, 5, 0.00);
INSERT INTO order_items(order_id, product_id, unit_price, quantity, discount) VALUES (54, 20, 122.95, 4, 0.00);
INSERT INTO order_items(order_id, product_id, unit_price, quantity, discount) VALUES (54, 7, 72.39, 2, 0.00);
INSERT INTO order_items(order_id, product_id, unit_price, quantity, discount) VALUES (54, 15, 120.27, 4, 0.00);
INSERT INTO order_items(order_id, product_id, unit_price, quantity, discount) VALUES (55, 6, 14.61, 1, 0.10);
INSERT INTO order_items(order_id, product_id, unit_price, quantity, discount) VALUES (55, 14, 50.31, 1, 0.05);
INSERT INTO order_items(order_id, product_id, unit_price, quantity, discount) VALUES (56, 16, 127.55, 3, 0.10);
INSERT INTO order_items(order_id, product_id, unit_price, quantity, discount) VALUES (56, 9, 6.00, 4, 0.05);
INSERT INTO order_items(order_id, product_id, unit_price, quantity, discount) VALUES (57, 13, 45.07, 5, 0.10);
INSERT INTO order_items(order_id, product_id, unit_price, quantity, discount) VALUES (57, 5, 118.42, 3, 0.05);
INSERT INTO order_items(order_id, product_id, unit_price, quantity, discount) VALUES (58, 1, 52.90, 3, 0.10);
INSERT INTO order_items(order_id, product_id, unit_price, quantity, discount) VALUES (58, 19, 59.49, 4, 0.00);
INSERT INTO order_items(order_id, product_id, unit_price, quantity, discount) VALUES (58, 15, 105.98, 3, 0.00);
INSERT INTO order_items(order_id, product_id, unit_price, quantity, discount) VALUES (59, 15, 122.44, 2, 0.15);
INSERT INTO order_items(order_id, product_id, unit_price, quantity, discount) VALUES (59, 8, 68.87, 2, 0.05);
INSERT INTO order_items(order_id, product_id, unit_price, quantity, discount) VALUES (59, 2, 97.84, 4, 0.15);
INSERT INTO order_items(order_id, product_id, unit_price, quantity, discount) VALUES (59, 13, 49.09, 2, 0.05);
INSERT INTO order_items(order_id, product_id, unit_price, quantity, discount) VALUES (60, 4, 112.47, 4, 0.00);
INSERT INTO order_items(order_id, product_id, unit_price, quantity, discount) VALUES (60, 17, 27.38, 1, 0.15);
INSERT INTO order_items(order_id, product_id, unit_price, quantity, discount) VALUES (60, 5, 99.64, 2, 0.00);
INSERT INTO order_items(order_id, product_id, unit_price, quantity, discount) VALUES (61, 20, 120.11, 1, 0.00);
INSERT INTO order_items(order_id, product_id, unit_price, quantity, discount) VALUES (61, 18, 4.53, 3, 0.15);
INSERT INTO order_items(order_id, product_id, unit_price, quantity, discount) VALUES (61, 16, 124.93, 1, 0.10);
INSERT INTO order_items(order_id, product_id, unit_price, quantity, discount) VALUES (62, 8, 73.55, 4, 0.00);
INSERT INTO order_items(order_id, product_id, unit_price, quantity, discount) VALUES (62, 4, 95.63, 3, 0.00);
INSERT INTO order_items(order_id, product_id, unit_price, quantity, discount) VALUES (62, 2, 98.10, 1, 0.00);
INSERT INTO order_items(order_id, product_id, unit_price, quantity, discount) VALUES (63, 5, 92.79, 4, 0.10);
INSERT INTO order_items(order_id, product_id, unit_price, quantity, discount) VALUES (63, 6, 13.72, 1, 0.10);
INSERT INTO order_items(order_id, product_id, unit_price, quantity, discount) VALUES (63, 13, 53.90, 2, 0.05);
INSERT INTO order_items(order_id, product_id, unit_price, quantity, discount) VALUES (63, 19, 42.51, 4, 0.15);
INSERT INTO order_items(order_id, product_id, unit_price, quantity, discount) VALUES (64, 1, 67.17, 4, 0.00);
INSERT INTO order_items(order_id, product_id, unit_price, quantity, discount) VALUES (64, 18, 4.10, 4, 0.00);
INSERT INTO order_items(order_id, product_id, unit_price, quantity, discount) VALUES (64, 19, 45.61, 4, 0.15);
INSERT INTO order_items(order_id, product_id, unit_price, quantity, discount) VALUES (65, 7, 95.78, 4, 0.00);
INSERT INTO order_items(order_id, product_id, unit_price, quantity, discount) VALUES (65, 8, 63.77, 3, 0.10);
INSERT INTO order_items(order_id, product_id, unit_price, quantity, discount) VALUES (65, 10, 18.28, 3, 0.00);
INSERT INTO order_items(order_id, product_id, unit_price, quantity, discount) VALUES (66, 9, 4.99, 1, 0.10);
INSERT INTO order_items(order_id, product_id, unit_price, quantity, discount) VALUES (66, 16, 123.21, 3, 0.00);
INSERT INTO order_items(order_id, product_id, unit_price, quantity, discount) VALUES (66, 20, 124.98, 2, 0.15);
INSERT INTO order_items(order_id, product_id, unit_price, quantity, discount) VALUES (66, 7, 83.69, 2, 0.15);
INSERT INTO order_items(order_id, product_id, unit_price, quantity, discount) VALUES (67, 10, 17.03, 1, 0.10);
INSERT INTO order_items(order_id, product_id, unit_price, quantity, discount) VALUES (68, 10, 14.21, 4, 0.00);
INSERT INTO order_items(order_id, product_id, unit_price, quantity, discount) VALUES (69, 17, 23.54, 3, 0.00);
INSERT INTO order_items(order_id, product_id, unit_price, quantity, discount) VALUES (69, 9, 7.24, 4, 0.00);
INSERT INTO order_items(order_id, product_id, unit_price, quantity, discount) VALUES (69, 11, 102.67, 4, 0.00);
INSERT INTO order_items(order_id, product_id, unit_price, quantity, discount) VALUES (70, 18, 4.50, 4, 0.00);
INSERT INTO order_items(order_id, product_id, unit_price, quantity, discount) VALUES (70, 9, 6.30, 4, 0.00);
INSERT INTO order_items(order_id, product_id, unit_price, quantity, discount) VALUES (70, 9, 6.42, 3, 0.00);
INSERT INTO order_items(order_id, product_id, unit_price, quantity, discount) VALUES (70, 8, 66.18, 5, 0.10);
INSERT INTO order_items(order_id, product_id, unit_price, quantity, discount) VALUES (71, 3, 13.91, 4, 0.15);
INSERT INTO order_items(order_id, product_id, unit_price, quantity, discount) VALUES (71, 10, 16.18, 1, 0.00);
INSERT INTO order_items(order_id, product_id, unit_price, quantity, discount) VALUES (72, 16, 92.04, 2, 0.10);
INSERT INTO order_items(order_id, product_id, unit_price, quantity, discount) VALUES (72, 5, 98.76, 3, 0.15);
INSERT INTO order_items(order_id, product_id, unit_price, quantity, discount) VALUES (72, 18, 4.60, 2, 0.05);
INSERT INTO order_items(order_id, product_id, unit_price, quantity, discount) VALUES (73, 20, 107.41, 3, 0.00);
INSERT INTO order_items(order_id, product_id, unit_price, quantity, discount) VALUES (73, 12, 28.20, 4, 0.00);
INSERT INTO order_items(order_id, product_id, unit_price, quantity, discount) VALUES (73, 12, 26.70, 3, 0.10);
INSERT INTO order_items(order_id, product_id, unit_price, quantity, discount) VALUES (73, 12, 26.21, 3, 0.00);
INSERT INTO order_items(order_id, product_id, unit_price, quantity, discount) VALUES (74, 7, 84.35, 5, 0.00);
INSERT INTO order_items(order_id, product_id, unit_price, quantity, discount) VALUES (75, 5, 115.23, 2, 0.00);
INSERT INTO order_items(order_id, product_id, unit_price, quantity, discount) VALUES (75, 18, 4.20, 2, 0.00);
INSERT INTO order_items(order_id, product_id, unit_price, quantity, discount) VALUES (76, 9, 7.10, 2, 0.00);
INSERT INTO order_items(order_id, product_id, unit_price, quantity, discount) VALUES (77, 4, 104.13, 1, 0.00);
INSERT INTO order_items(order_id, product_id, unit_price, quantity, discount) VALUES (77, 1, 54.65, 2, 0.10);
INSERT INTO order_items(order_id, product_id, unit_price, quantity, discount) VALUES (78, 9, 5.10, 4, 0.10);
INSERT INTO order_items(order_id, product_id, unit_price, quantity, discount) VALUES (78, 4, 107.44, 4, 0.05);
INSERT INTO order_items(order_id, product_id, unit_price, quantity, discount) VALUES (79, 15, 104.53, 5, 0.00);
INSERT INTO order_items(order_id, product_id, unit_price, quantity, discount) VALUES (80, 15, 110.35, 1, 0.00);
INSERT INTO order_items(order_id, product_id, unit_price, quantity, discount) VALUES (80, 16, 123.84, 4, 0.15);
INSERT INTO order_items(order_id, product_id, unit_price, quantity, discount) VALUES (80, 4, 97.45, 4, 0.00);
INSERT INTO order_items(order_id, product_id, unit_price, quantity, discount) VALUES (81, 20, 95.82, 2, 0.00);
INSERT INTO order_items(order_id, product_id, unit_price, quantity, discount) VALUES (81, 20, 117.45, 5, 0.15);
INSERT INTO order_items(order_id, product_id, unit_price, quantity, discount) VALUES (81, 11, 87.17, 5, 0.10);
INSERT INTO order_items(order_id, product_id, unit_price, quantity, discount) VALUES (82, 4, 109.30, 1, 0.15);
INSERT INTO order_items(order_id, product_id, unit_price, quantity, discount) VALUES (82, 18, 5.18, 2, 0.05);
INSERT INTO order_items(order_id, product_id, unit_price, quantity, discount) VALUES (82, 15, 120.57, 4, 0.00);
INSERT INTO order_items(order_id, product_id, unit_price, quantity, discount) VALUES (82, 15, 100.14, 1, 0.00);
INSERT INTO order_items(order_id, product_id, unit_price, quantity, discount) VALUES (83, 12, 37.57, 4, 0.00);
INSERT INTO order_items(order_id, product_id, unit_price, quantity, discount) VALUES (83, 3, 14.95, 1, 0.05);
INSERT INTO order_items(order_id, product_id, unit_price, quantity, discount) VALUES (83, 4, 107.40, 3, 0.00);
INSERT INTO order_items(order_id, product_id, unit_price, quantity, discount) VALUES (84, 4, 94.34, 4, 0.15);
INSERT INTO order_items(order_id, product_id, unit_price, quantity, discount) VALUES (84, 2, 125.28, 5, 0.00);
INSERT INTO order_items(order_id, product_id, unit_price, quantity, discount) VALUES (84, 12, 26.76, 5, 0.00);
INSERT INTO order_items(order_id, product_id, unit_price, quantity, discount) VALUES (85, 8, 76.24, 3, 0.10);
INSERT INTO order_items(order_id, product_id, unit_price, quantity, discount) VALUES (85, 12, 26.90, 3, 0.10);
INSERT INTO order_items(order_id, product_id, unit_price, quantity, discount) VALUES (85, 8, 75.17, 5, 0.10);
INSERT INTO order_items(order_id, product_id, unit_price, quantity, discount) VALUES (85, 20, 119.31, 5, 0.00);
INSERT INTO order_items(order_id, product_id, unit_price, quantity, discount) VALUES (86, 1, 50.52, 3, 0.00);
INSERT INTO order_items(order_id, product_id, unit_price, quantity, discount) VALUES (86, 12, 25.52, 2, 0.10);
INSERT INTO order_items(order_id, product_id, unit_price, quantity, discount) VALUES (86, 13, 42.58, 1, 0.00);
INSERT INTO order_items(order_id, product_id, unit_price, quantity, discount) VALUES (87, 13, 49.79, 3, 0.00);
INSERT INTO order_items(order_id, product_id, unit_price, quantity, discount) VALUES (87, 12, 29.40, 3, 0.10);
INSERT INTO order_items(order_id, product_id, unit_price, quantity, discount) VALUES (88, 5, 89.20, 5, 0.00);
INSERT INTO order_items(order_id, product_id, unit_price, quantity, discount) VALUES (89, 15, 111.13, 4, 0.10);
INSERT INTO order_items(order_id, product_id, unit_price, quantity, discount) VALUES (89, 15, 100.79, 2, 0.10);
INSERT INTO order_items(order_id, product_id, unit_price, quantity, discount) VALUES (89, 4, 91.77, 1, 0.00);
INSERT INTO order_items(order_id, product_id, unit_price, quantity, discount) VALUES (90, 17, 25.09, 1, 0.00);
INSERT INTO order_items(order_id, product_id, unit_price, quantity, discount) VALUES (90, 13, 61.40, 1, 0.00);
INSERT INTO order_items(order_id, product_id, unit_price, quantity, discount) VALUES (90, 7, 73.49, 2, 0.00);
INSERT INTO order_items(order_id, product_id, unit_price, quantity, discount) VALUES (90, 9, 5.69, 1, 0.00);
INSERT INTO order_items(order_id, product_id, unit_price, quantity, discount) VALUES (91, 5, 98.41, 2, 0.10);
INSERT INTO order_items(order_id, product_id, unit_price, quantity, discount) VALUES (91, 18, 5.39, 3, 0.00);
INSERT INTO order_items(order_id, product_id, unit_price, quantity, discount) VALUES (92, 1, 57.00, 1, 0.00);
INSERT INTO order_items(order_id, product_id, unit_price, quantity, discount) VALUES (92, 19, 48.19, 4, 0.15);
INSERT INTO order_items(order_id, product_id, unit_price, quantity, discount) VALUES (92, 14, 55.03, 4, 0.00);
INSERT INTO order_items(order_id, product_id, unit_price, quantity, discount) VALUES (92, 11, 79.52, 5, 0.05);
INSERT INTO order_items(order_id, product_id, unit_price, quantity, discount) VALUES (93, 3, 12.87, 1, 0.00);
INSERT INTO order_items(order_id, product_id, unit_price, quantity, discount) VALUES (93, 14, 62.23, 5, 0.00);
INSERT INTO order_items(order_id, product_id, unit_price, quantity, discount) VALUES (93, 13, 59.06, 3, 0.00);
INSERT INTO order_items(order_id, product_id, unit_price, quantity, discount) VALUES (94, 17, 24.77, 5, 0.10);
INSERT INTO order_items(order_id, product_id, unit_price, quantity, discount) VALUES (95, 5, 92.46, 2, 0.00);
INSERT INTO order_items(order_id, product_id, unit_price, quantity, discount) VALUES (95, 7, 69.40, 2, 0.15);
INSERT INTO order_items(order_id, product_id, unit_price, quantity, discount) VALUES (95, 3, 11.50, 4, 0.05);
INSERT INTO order_items(order_id, product_id, unit_price, quantity, discount) VALUES (96, 19, 52.43, 5, 0.00);
INSERT INTO order_items(order_id, product_id, unit_price, quantity, discount) VALUES (96, 11, 78.75, 1, 0.05);
INSERT INTO order_items(order_id, product_id, unit_price, quantity, discount) VALUES (96, 15, 109.86, 3, 0.10);
INSERT INTO order_items(order_id, product_id, unit_price, quantity, discount) VALUES (96, 2, 99.26, 1, 0.00);
INSERT INTO order_items(order_id, product_id, unit_price, quantity, discount) VALUES (97, 2, 99.97, 3, 0.00);
INSERT INTO order_items(order_id, product_id, unit_price, quantity, discount) VALUES (98, 15, 107.72, 1, 0.05);
INSERT INTO order_items(order_id, product_id, unit_price, quantity, discount) VALUES (98, 19, 52.60, 3, 0.10);
INSERT INTO order_items(order_id, product_id, unit_price, quantity, discount) VALUES (98, 16, 108.79, 1, 0.05);
INSERT INTO order_items(order_id, product_id, unit_price, quantity, discount) VALUES (98, 4, 110.00, 3, 0.15);
INSERT INTO order_items(order_id, product_id, unit_price, quantity, discount) VALUES (99, 2, 94.86, 4, 0.05);
INSERT INTO order_items(order_id, product_id, unit_price, quantity, discount) VALUES (99, 17, 23.73, 2, 0.00);
INSERT INTO order_items(order_id, product_id, unit_price, quantity, discount) VALUES (100, 14, 66.69, 5, 0.00);
INSERT INTO order_items(order_id, product_id, unit_price, quantity, discount) VALUES (100, 11, 75.64, 1, 0.10);
INSERT INTO order_items(order_id, product_id, unit_price, quantity, discount) VALUES (100, 13, 46.99, 5, 0.00);
INSERT INTO order_items(order_id, product_id, unit_price, quantity, discount) VALUES (100, 11, 76.21, 2, 0.00);
INSERT INTO order_items(order_id, product_id, unit_price, quantity, discount) VALUES (101, 5, 107.29, 1, 0.00);
INSERT INTO order_items(order_id, product_id, unit_price, quantity, discount) VALUES (101, 18, 4.52, 3, 0.00);
INSERT INTO order_items(order_id, product_id, unit_price, quantity, discount) VALUES (101, 17, 19.70, 4, 0.10);
INSERT INTO order_items(order_id, product_id, unit_price, quantity, discount) VALUES (101, 12, 25.67, 3, 0.00);
INSERT INTO order_items(order_id, product_id, unit_price, quantity, discount) VALUES (102, 7, 71.10, 2, 0.00);
INSERT INTO order_items(order_id, product_id, unit_price, quantity, discount) VALUES (102, 3, 12.12, 1, 0.10);
INSERT INTO order_items(order_id, product_id, unit_price, quantity, discount) VALUES (102, 18, 5.39, 5, 0.00);
INSERT INTO order_items(order_id, product_id, unit_price, quantity, discount) VALUES (102, 11, 105.31, 5, 0.00);
INSERT INTO order_items(order_id, product_id, unit_price, quantity, discount) VALUES (103, 6, 13.79, 5, 0.00);
INSERT INTO order_items(order_id, product_id, unit_price, quantity, discount) VALUES (103, 15, 85.32, 3, 0.15);
INSERT INTO order_items(order_id, product_id, unit_price, quantity, discount) VALUES (104, 20, 101.92, 4, 0.00);
INSERT INTO order_items(order_id, product_id, unit_price, quantity, discount) VALUES (104, 18, 4.26, 4, 0.00);
INSERT INTO order_items(order_id, product_id, unit_price, quantity, discount) VALUES (104, 12, 34.07, 5, 0.05);
INSERT INTO order_items(order_id, product_id, unit_price, quantity, discount) VALUES (104, 15, 115.62, 4, 0.10);
INSERT INTO order_items(order_id, product_id, unit_price, quantity, discount) VALUES (105, 7, 89.45, 2, 0.00);
INSERT INTO order_items(order_id, product_id, unit_price, quantity, discount) VALUES (105, 2, 111.47, 3, 0.10);
INSERT INTO order_items(order_id, product_id, unit_price, quantity, discount) VALUES (106, 10, 12.73, 2, 0.00);
INSERT INTO order_items(order_id, product_id, unit_price, quantity, discount) VALUES (107, 14, 50.28, 2, 0.05);
INSERT INTO order_items(order_id, product_id, unit_price, quantity, discount) VALUES (107, 12, 37.28, 4, 0.00);
INSERT INTO order_items(order_id, product_id, unit_price, quantity, discount) VALUES (108, 8, 63.90, 1, 0.00);
INSERT INTO order_items(order_id, product_id, unit_price, quantity, discount) VALUES (108, 8, 54.31, 1, 0.15);
INSERT INTO order_items(order_id, product_id, unit_price, quantity, discount) VALUES (108, 11, 102.20, 2, 0.00);
INSERT INTO order_items(order_id, product_id, unit_price, quantity, discount) VALUES (109, 16, 106.50, 1, 0.00);
INSERT INTO order_items(order_id, product_id, unit_price, quantity, discount) VALUES (109, 1, 52.27, 2, 0.10);
INSERT INTO order_items(order_id, product_id, unit_price, quantity, discount) VALUES (110, 4, 108.64, 2, 0.00);
INSERT INTO order_items(order_id, product_id, unit_price, quantity, discount) VALUES (110, 4, 80.13, 4, 0.15);
INSERT INTO order_items(order_id, product_id, unit_price, quantity, discount) VALUES (110, 20, 109.60, 1, 0.05);
INSERT INTO order_items(order_id, product_id, unit_price, quantity, discount) VALUES (110, 20, 113.12, 5, 0.10);
INSERT INTO order_items(order_id, product_id, unit_price, quantity, discount) VALUES (111, 14, 48.11, 3, 0.00);
INSERT INTO order_items(order_id, product_id, unit_price, quantity, discount) VALUES (111, 19, 47.94, 1, 0.10);
INSERT INTO order_items(order_id, product_id, unit_price, quantity, discount) VALUES (111, 12, 26.30, 5, 0.10);
INSERT INTO order_items(order_id, product_id, unit_price, quantity, discount) VALUES (112, 13, 59.12, 1, 0.15);
INSERT INTO order_items(order_id, product_id, unit_price, quantity, discount) VALUES (113, 1, 54.62, 1, 0.00);
INSERT INTO order_items(order_id, product_id, unit_price, quantity, discount) VALUES (113, 8, 73.18, 1, 0.10);
INSERT INTO order_items(order_id, product_id, unit_price, quantity, discount) VALUES (113, 11, 78.11, 3, 0.10);
INSERT INTO order_items(order_id, product_id, unit_price, quantity, discount) VALUES (114, 15, 124.44, 4, 0.15);
INSERT INTO order_items(order_id, product_id, unit_price, quantity, discount) VALUES (114, 6, 17.78, 1, 0.15);
INSERT INTO order_items(order_id, product_id, unit_price, quantity, discount) VALUES (115, 10, 13.45, 2, 0.00);
INSERT INTO order_items(order_id, product_id, unit_price, quantity, discount) VALUES (116, 18, 4.70, 1, 0.15);
INSERT INTO order_items(order_id, product_id, unit_price, quantity, discount) VALUES (116, 7, 73.00, 1, 0.15);
INSERT INTO order_items(order_id, product_id, unit_price, quantity, discount) VALUES (116, 11, 83.23, 3, 0.05);
INSERT INTO order_items(order_id, product_id, unit_price, quantity, discount) VALUES (116, 13, 56.44, 4, 0.00);
INSERT INTO order_items(order_id, product_id, unit_price, quantity, discount) VALUES (117, 12, 37.20, 5, 0.00);
INSERT INTO order_items(order_id, product_id, unit_price, quantity, discount) VALUES (117, 3, 14.40, 1, 0.05);
INSERT INTO order_items(order_id, product_id, unit_price, quantity, discount) VALUES (117, 20, 133.59, 2, 0.10);
INSERT INTO order_items(order_id, product_id, unit_price, quantity, discount) VALUES (117, 10, 14.18, 1, 0.00);
INSERT INTO order_items(order_id, product_id, unit_price, quantity, discount) VALUES (118, 15, 108.65, 4, 0.00);
INSERT INTO order_items(order_id, product_id, unit_price, quantity, discount) VALUES (118, 15, 98.17, 1, 0.15);
INSERT INTO order_items(order_id, product_id, unit_price, quantity, discount) VALUES (118, 12, 33.26, 4, 0.00);
INSERT INTO order_items(order_id, product_id, unit_price, quantity, discount) VALUES (119, 13, 48.62, 2, 0.00);
INSERT INTO order_items(order_id, product_id, unit_price, quantity, discount) VALUES (120, 2, 89.74, 2, 0.15);
INSERT INTO order_items(order_id, product_id, unit_price, quantity, discount) VALUES (120, 12, 30.05, 5, 0.00);
INSERT INTO order_items(order_id, product_id, unit_price, quantity, discount) VALUES (120, 20, 96.05, 4, 0.00);
INSERT INTO order_items(order_id, product_id, unit_price, quantity, discount) VALUES (120, 12, 31.09, 1, 0.10);
INSERT INTO order_items(order_id, product_id, unit_price, quantity, discount) VALUES (121, 13, 47.62, 3, 0.00);
INSERT INTO order_items(order_id, product_id, unit_price, quantity, discount) VALUES (121, 4, 79.28, 2, 0.05);
INSERT INTO order_items(order_id, product_id, unit_price, quantity, discount) VALUES (121, 17, 22.46, 5, 0.00);
INSERT INTO order_items(order_id, product_id, unit_price, quantity, discount) VALUES (122, 7, 95.68, 3, 0.15);
INSERT INTO order_items(order_id, product_id, unit_price, quantity, discount) VALUES (122, 16, 95.69, 2, 0.00);
INSERT INTO order_items(order_id, product_id, unit_price, quantity, discount) VALUES (122, 15, 90.70, 4, 0.00);
INSERT INTO order_items(order_id, product_id, unit_price, quantity, discount) VALUES (122, 11, 97.67, 1, 0.10);
INSERT INTO order_items(order_id, product_id, unit_price, quantity, discount) VALUES (123, 6, 17.15, 2, 0.00);
INSERT INTO order_items(order_id, product_id, unit_price, quantity, discount) VALUES (123, 17, 20.93, 2, 0.00);
INSERT INTO order_items(order_id, product_id, unit_price, quantity, discount) VALUES (123, 8, 74.72, 1, 0.00);
INSERT INTO order_items(order_id, product_id, unit_price, quantity, discount) VALUES (124, 15, 117.05, 5, 0.00);
INSERT INTO order_items(order_id, product_id, unit_price, quantity, discount) VALUES (124, 20, 128.65, 1, 0.00);
INSERT INTO order_items(order_id, product_id, unit_price, quantity, discount) VALUES (124, 13, 61.71, 4, 0.10);
INSERT INTO order_items(order_id, product_id, unit_price, quantity, discount) VALUES (125, 5, 122.90, 1, 0.05);
INSERT INTO order_items(order_id, product_id, unit_price, quantity, discount) VALUES (126, 5, 118.99, 5, 0.15);
INSERT INTO order_items(order_id, product_id, unit_price, quantity, discount) VALUES (126, 19, 43.28, 2, 0.05);
INSERT INTO order_items(order_id, product_id, unit_price, quantity, discount) VALUES (126, 17, 27.38, 1, 0.00);
INSERT INTO order_items(order_id, product_id, unit_price, quantity, discount) VALUES (127, 6, 13.67, 2, 0.00);
INSERT INTO order_items(order_id, product_id, unit_price, quantity, discount) VALUES (127, 17, 27.24, 1, 0.00);
INSERT INTO order_items(order_id, product_id, unit_price, quantity, discount) VALUES (127, 7, 84.14, 5, 0.00);
INSERT INTO order_items(order_id, product_id, unit_price, quantity, discount) VALUES (128, 20, 113.00, 5, 0.15);
INSERT INTO order_items(order_id, product_id, unit_price, quantity, discount) VALUES (128, 6, 16.39, 5, 0.00);
INSERT INTO order_items(order_id, product_id, unit_price, quantity, discount) VALUES (128, 6, 16.81, 5, 0.00);
INSERT INTO order_items(order_id, product_id, unit_price, quantity, discount) VALUES (129, 1, 48.23, 5, 0.00);
INSERT INTO order_items(order_id, product_id, unit_price, quantity, discount) VALUES (130, 20, 117.71, 4, 0.15);
INSERT INTO order_items(order_id, product_id, unit_price, quantity, discount) VALUES (130, 18, 4.35, 3, 0.05);
INSERT INTO order_items(order_id, product_id, unit_price, quantity, discount) VALUES (130, 8, 75.10, 4, 0.00);
INSERT INTO order_items(order_id, product_id, unit_price, quantity, discount) VALUES (130, 15, 86.54, 1, 0.00);
INSERT INTO order_items(order_id, product_id, unit_price, quantity, discount) VALUES (131, 15, 92.01, 5, 0.00);
INSERT INTO order_items(order_id, product_id, unit_price, quantity, discount) VALUES (131, 11, 104.76, 3, 0.15);
INSERT INTO order_items(order_id, product_id, unit_price, quantity, discount) VALUES (131, 12, 37.85, 2, 0.00);
INSERT INTO order_items(order_id, product_id, unit_price, quantity, discount) VALUES (131, 17, 24.10, 3, 0.00);
INSERT INTO order_items(order_id, product_id, unit_price, quantity, discount) VALUES (132, 15, 93.85, 1, 0.00);
INSERT INTO order_items(order_id, product_id, unit_price, quantity, discount) VALUES (132, 10, 17.99, 5, 0.05);
INSERT INTO order_items(order_id, product_id, unit_price, quantity, discount) VALUES (132, 8, 79.33, 2, 0.00);
INSERT INTO order_items(order_id, product_id, unit_price, quantity, discount) VALUES (133, 7, 88.23, 4, 0.10);
INSERT INTO order_items(order_id, product_id, unit_price, quantity, discount) VALUES (133, 15, 104.32, 3, 0.05);
INSERT INTO order_items(order_id, product_id, unit_price, quantity, discount) VALUES (133, 1, 48.43, 4, 0.10);
INSERT INTO order_items(order_id, product_id, unit_price, quantity, discount) VALUES (134, 19, 46.67, 1, 0.00);
INSERT INTO order_items(order_id, product_id, unit_price, quantity, discount) VALUES (134, 16, 112.98, 4, 0.00);
INSERT INTO order_items(order_id, product_id, unit_price, quantity, discount) VALUES (135, 14, 51.29, 3, 0.15);
INSERT INTO order_items(order_id, product_id, unit_price, quantity, discount) VALUES (136, 2, 101.31, 5, 0.10);
INSERT INTO order_items(order_id, product_id, unit_price, quantity, discount) VALUES (136, 7, 75.44, 3, 0.00);
INSERT INTO order_items(order_id, product_id, unit_price, quantity, discount) VALUES (136, 13, 51.52, 5, 0.00);
INSERT INTO order_items(order_id, product_id, unit_price, quantity, discount) VALUES (137, 5, 123.01, 4, 0.00);
INSERT INTO order_items(order_id, product_id, unit_price, quantity, discount) VALUES (138, 5, 90.92, 5, 0.05);
INSERT INTO order_items(order_id, product_id, unit_price, quantity, discount) VALUES (138, 17, 19.19, 1, 0.00);
INSERT INTO order_items(order_id, product_id, unit_price, quantity, discount) VALUES (138, 11, 102.66, 5, 0.05);
INSERT INTO order_items(order_id, product_id, unit_price, quantity, discount) VALUES (139, 11, 107.32, 3, 0.00);
INSERT INTO order_items(order_id, product_id, unit_price, quantity, discount) VALUES (139, 13, 61.53, 3, 0.10);
INSERT INTO order_items(order_id, product_id, unit_price, quantity, discount) VALUES (140, 19, 45.62, 1, 0.00);
INSERT INTO order_items(order_id, product_id, unit_price, quantity, discount) VALUES (140, 11, 97.89, 4, 0.10);
INSERT INTO order_items(order_id, product_id, unit_price, quantity, discount) VALUES (140, 10, 17.08, 1, 0.10);
INSERT INTO order_items(order_id, product_id, unit_price, quantity, discount) VALUES (140, 16, 98.54, 5, 0.10);
INSERT INTO order_items(order_id, product_id, unit_price, quantity, discount) VALUES (141, 6, 15.96, 5, 0.05);
INSERT INTO order_items(order_id, product_id, unit_price, quantity, discount) VALUES (141, 5, 116.66, 2, 0.00);
INSERT INTO order_items(order_id, product_id, unit_price, quantity, discount) VALUES (141, 19, 58.48, 1, 0.00);
INSERT INTO order_items(order_id, product_id, unit_price, quantity, discount) VALUES (141, 1, 56.56, 4, 0.00);
INSERT INTO order_items(order_id, product_id, unit_price, quantity, discount) VALUES (142, 14, 60.13, 5, 0.05);
INSERT INTO order_items(order_id, product_id, unit_price, quantity, discount) VALUES (142, 2, 114.19, 5, 0.00);
INSERT INTO order_items(order_id, product_id, unit_price, quantity, discount) VALUES (143, 17, 22.36, 2, 0.05);
INSERT INTO order_items(order_id, product_id, unit_price, quantity, discount) VALUES (143, 18, 4.46, 3, 0.15);
INSERT INTO order_items(order_id, product_id, unit_price, quantity, discount) VALUES (143, 9, 6.48, 2, 0.00);
INSERT INTO order_items(order_id, product_id, unit_price, quantity, discount) VALUES (143, 9, 6.35, 2, 0.00);
INSERT INTO order_items(order_id, product_id, unit_price, quantity, discount) VALUES (144, 16, 100.78, 3, 0.10);
INSERT INTO order_items(order_id, product_id, unit_price, quantity, discount) VALUES (144, 9, 5.68, 5, 0.15);
INSERT INTO order_items(order_id, product_id, unit_price, quantity, discount) VALUES (145, 12, 37.58, 2, 0.00);
INSERT INTO order_items(order_id, product_id, unit_price, quantity, discount) VALUES (145, 2, 96.55, 1, 0.00);
INSERT INTO order_items(order_id, product_id, unit_price, quantity, discount) VALUES (145, 15, 110.88, 4, 0.00);
INSERT INTO order_items(order_id, product_id, unit_price, quantity, discount) VALUES (145, 7, 90.30, 3, 0.10);
INSERT INTO order_items(order_id, product_id, unit_price, quantity, discount) VALUES (146, 4, 102.36, 5, 0.00);
INSERT INTO order_items(order_id, product_id, unit_price, quantity, discount) VALUES (146, 8, 54.92, 5, 0.00);
INSERT INTO order_items(order_id, product_id, unit_price, quantity, discount) VALUES (147, 4, 94.44, 4, 0.00);
INSERT INTO order_items(order_id, product_id, unit_price, quantity, discount) VALUES (148, 18, 5.66, 2, 0.05);
INSERT INTO order_items(order_id, product_id, unit_price, quantity, discount) VALUES (149, 7, 88.00, 3, 0.00);
INSERT INTO order_items(order_id, product_id, unit_price, quantity, discount) VALUES (149, 10, 16.16, 1, 0.15);
INSERT INTO order_items(order_id, product_id, unit_price, quantity, discount) VALUES (149, 19, 44.28, 1, 0.00);
INSERT INTO order_items(order_id, product_id, unit_price, quantity, discount) VALUES (149, 14, 69.28, 2, 0.00);
INSERT INTO order_items(order_id, product_id, unit_price, quantity, discount) VALUES (150, 6, 18.57, 3, 0.00);
INSERT INTO order_items(order_id, product_id, unit_price, quantity, discount) VALUES (150, 1, 53.26, 5, 0.00);
INSERT INTO order_items(order_id, product_id, unit_price, quantity, discount) VALUES (150, 11, 83.64, 5, 0.10);
INSERT INTO order_items(order_id, product_id, unit_price, quantity, discount) VALUES (150, 16, 125.67, 2, 0.10);
INSERT INTO order_items(order_id, product_id, unit_price, quantity, discount) VALUES (151, 4, 91.20, 4, 0.15);
INSERT INTO order_items(order_id, product_id, unit_price, quantity, discount) VALUES (151, 9, 6.75, 1, 0.15);
INSERT INTO order_items(order_id, product_id, unit_price, quantity, discount) VALUES (152, 6, 16.51, 4, 0.05);
INSERT INTO order_items(order_id, product_id, unit_price, quantity, discount) VALUES (152, 17, 21.90, 4, 0.15);
INSERT INTO order_items(order_id, product_id, unit_price, quantity, discount) VALUES (153, 16, 101.06, 2, 0.00);
INSERT INTO order_items(order_id, product_id, unit_price, quantity, discount) VALUES (153, 9, 5.92, 4, 0.00);
INSERT INTO order_items(order_id, product_id, unit_price, quantity, discount) VALUES (154, 9, 6.59, 2, 0.00);
INSERT INTO order_items(order_id, product_id, unit_price, quantity, discount) VALUES (155, 10, 13.19, 5, 0.15);
INSERT INTO order_items(order_id, product_id, unit_price, quantity, discount) VALUES (155, 10, 16.43, 3, 0.00);
INSERT INTO order_items(order_id, product_id, unit_price, quantity, discount) VALUES (155, 20, 99.06, 2, 0.05);
INSERT INTO order_items(order_id, product_id, unit_price, quantity, discount) VALUES (155, 5, 101.50, 5, 0.00);
INSERT INTO order_items(order_id, product_id, unit_price, quantity, discount) VALUES (156, 18, 5.33, 2, 0.00);
INSERT INTO order_items(order_id, product_id, unit_price, quantity, discount) VALUES (156, 20, 128.15, 1, 0.10);
INSERT INTO order_items(order_id, product_id, unit_price, quantity, discount) VALUES (156, 15, 105.55, 3, 0.00);
INSERT INTO order_items(order_id, product_id, unit_price, quantity, discount) VALUES (156, 19, 41.90, 5, 0.10);
INSERT INTO order_items(order_id, product_id, unit_price, quantity, discount) VALUES (157, 6, 14.72, 5, 0.05);
INSERT INTO order_items(order_id, product_id, unit_price, quantity, discount) VALUES (157, 4, 104.89, 5, 0.05);
INSERT INTO order_items(order_id, product_id, unit_price, quantity, discount) VALUES (158, 2, 103.54, 5, 0.05);
INSERT INTO order_items(order_id, product_id, unit_price, quantity, discount) VALUES (158, 15, 107.04, 5, 0.05);
INSERT INTO order_items(order_id, product_id, unit_price, quantity, discount) VALUES (158, 10, 16.63, 4, 0.00);
INSERT INTO order_items(order_id, product_id, unit_price, quantity, discount) VALUES (158, 1, 63.63, 5, 0.00);
INSERT INTO order_items(order_id, product_id, unit_price, quantity, discount) VALUES (159, 3, 13.42, 1, 0.00);
INSERT INTO order_items(order_id, product_id, unit_price, quantity, discount) VALUES (159, 16, 88.37, 4, 0.00);
INSERT INTO order_items(order_id, product_id, unit_price, quantity, discount) VALUES (159, 5, 114.36, 4, 0.00);
INSERT INTO order_items(order_id, product_id, unit_price, quantity, discount) VALUES (160, 13, 48.88, 5, 0.00);
INSERT INTO order_items(order_id, product_id, unit_price, quantity, discount) VALUES (160, 12, 26.95, 5, 0.05);
INSERT INTO order_items(order_id, product_id, unit_price, quantity, discount) VALUES (160, 17, 20.01, 2, 0.00);
INSERT INTO order_items(order_id, product_id, unit_price, quantity, discount) VALUES (160, 1, 69.02, 4, 0.15);
INSERT INTO order_items(order_id, product_id, unit_price, quantity, discount) VALUES (161, 18, 4.53, 2, 0.00);
INSERT INTO order_items(order_id, product_id, unit_price, quantity, discount) VALUES (161, 15, 97.95, 3, 0.00);
INSERT INTO order_items(order_id, product_id, unit_price, quantity, discount) VALUES (161, 4, 79.52, 4, 0.10);
INSERT INTO order_items(order_id, product_id, unit_price, quantity, discount) VALUES (161, 1, 51.92, 1, 0.00);
INSERT INTO order_items(order_id, product_id, unit_price, quantity, discount) VALUES (162, 20, 119.18, 1, 0.00);
INSERT INTO order_items(order_id, product_id, unit_price, quantity, discount) VALUES (162, 2, 101.39, 2, 0.10);
INSERT INTO order_items(order_id, product_id, unit_price, quantity, discount) VALUES (162, 7, 87.95, 1, 0.00);
INSERT INTO order_items(order_id, product_id, unit_price, quantity, discount) VALUES (162, 17, 28.16, 2, 0.15);
INSERT INTO order_items(order_id, product_id, unit_price, quantity, discount) VALUES (163, 8, 61.64, 2, 0.15);
INSERT INTO order_items(order_id, product_id, unit_price, quantity, discount) VALUES (163, 17, 20.90, 3, 0.00);
INSERT INTO order_items(order_id, product_id, unit_price, quantity, discount) VALUES (163, 2, 107.90, 5, 0.15);
INSERT INTO order_items(order_id, product_id, unit_price, quantity, discount) VALUES (164, 18, 4.75, 3, 0.15);
INSERT INTO order_items(order_id, product_id, unit_price, quantity, discount) VALUES (164, 13, 57.32, 3, 0.15);
INSERT INTO order_items(order_id, product_id, unit_price, quantity, discount) VALUES (164, 14, 57.88, 3, 0.05);
INSERT INTO order_items(order_id, product_id, unit_price, quantity, discount) VALUES (164, 6, 17.42, 4, 0.00);
INSERT INTO order_items(order_id, product_id, unit_price, quantity, discount) VALUES (165, 5, 116.01, 1, 0.10);
INSERT INTO order_items(order_id, product_id, unit_price, quantity, discount) VALUES (165, 14, 71.33, 5, 0.10);
INSERT INTO order_items(order_id, product_id, unit_price, quantity, discount) VALUES (165, 5, 98.75, 3, 0.00);
INSERT INTO order_items(order_id, product_id, unit_price, quantity, discount) VALUES (166, 15, 118.86, 1, 0.10);
INSERT INTO order_items(order_id, product_id, unit_price, quantity, discount) VALUES (167, 9, 5.90, 5, 0.10);
INSERT INTO order_items(order_id, product_id, unit_price, quantity, discount) VALUES (168, 19, 54.04, 5, 0.00);
INSERT INTO order_items(order_id, product_id, unit_price, quantity, discount) VALUES (168, 16, 96.07, 3, 0.00);
INSERT INTO order_items(order_id, product_id, unit_price, quantity, discount) VALUES (169, 7, 94.59, 1, 0.15);
INSERT INTO order_items(order_id, product_id, unit_price, quantity, discount) VALUES (169, 16, 126.76, 5, 0.15);
INSERT INTO order_items(order_id, product_id, unit_price, quantity, discount) VALUES (170, 18, 4.42, 3, 0.05);
INSERT INTO order_items(order_id, product_id, unit_price, quantity, discount) VALUES (170, 15, 105.77, 3, 0.00);
INSERT INTO order_items(order_id, product_id, unit_price, quantity, discount) VALUES (171, 15, 87.61, 4, 0.00);
INSERT INTO order_items(order_id, product_id, unit_price, quantity, discount) VALUES (171, 7, 75.70, 4, 0.00);
INSERT INTO order_items(order_id, product_id, unit_price, quantity, discount) VALUES (171, 19, 56.81, 2, 0.00);
INSERT INTO order_items(order_id, product_id, unit_price, quantity, discount) VALUES (171, 9, 6.34, 5, 0.10);
INSERT INTO order_items(order_id, product_id, unit_price, quantity, discount) VALUES (172, 5, 90.80, 2, 0.05);
INSERT INTO order_items(order_id, product_id, unit_price, quantity, discount) VALUES (172, 19, 56.20, 4, 0.10);
INSERT INTO order_items(order_id, product_id, unit_price, quantity, discount) VALUES (172, 11, 82.65, 4, 0.15);
INSERT INTO order_items(order_id, product_id, unit_price, quantity, discount) VALUES (173, 6, 17.28, 3, 0.00);
INSERT INTO order_items(order_id, product_id, unit_price, quantity, discount) VALUES (173, 5, 112.47, 4, 0.00);
INSERT INTO order_items(order_id, product_id, unit_price, quantity, discount) VALUES (173, 18, 5.69, 1, 0.10);
INSERT INTO order_items(order_id, product_id, unit_price, quantity, discount) VALUES (173, 2, 119.82, 1, 0.15);
INSERT INTO order_items(order_id, product_id, unit_price, quantity, discount) VALUES (174, 5, 117.53, 2, 0.00);
INSERT INTO order_items(order_id, product_id, unit_price, quantity, discount) VALUES (174, 5, 83.07, 5, 0.05);
INSERT INTO order_items(order_id, product_id, unit_price, quantity, discount) VALUES (174, 12, 26.21, 5, 0.05);
INSERT INTO order_items(order_id, product_id, unit_price, quantity, discount) VALUES (174, 16, 87.67, 5, 0.10);
INSERT INTO order_items(order_id, product_id, unit_price, quantity, discount) VALUES (175, 17, 25.61, 5, 0.00);
INSERT INTO order_items(order_id, product_id, unit_price, quantity, discount) VALUES (176, 6, 13.32, 1, 0.10);
INSERT INTO order_items(order_id, product_id, unit_price, quantity, discount) VALUES (176, 5, 92.66, 5, 0.10);
INSERT INTO order_items(order_id, product_id, unit_price, quantity, discount) VALUES (176, 9, 6.99, 3, 0.05);
INSERT INTO order_items(order_id, product_id, unit_price, quantity, discount) VALUES (176, 3, 12.53, 4, 0.05);
INSERT INTO order_items(order_id, product_id, unit_price, quantity, discount) VALUES (177, 10, 16.39, 1, 0.15);
INSERT INTO order_items(order_id, product_id, unit_price, quantity, discount) VALUES (177, 2, 88.35, 4, 0.05);
INSERT INTO order_items(order_id, product_id, unit_price, quantity, discount) VALUES (178, 1, 62.63, 1, 0.05);
INSERT INTO order_items(order_id, product_id, unit_price, quantity, discount) VALUES (179, 19, 59.06, 1, 0.10);
INSERT INTO order_items(order_id, product_id, unit_price, quantity, discount) VALUES (179, 2, 94.11, 5, 0.05);
INSERT INTO order_items(order_id, product_id, unit_price, quantity, discount) VALUES (179, 9, 5.08, 1, 0.15);
INSERT INTO order_items(order_id, product_id, unit_price, quantity, discount) VALUES (180, 6, 18.52, 3, 0.00);
